<?xml version="1.0" encoding="UTF-8"?>
<root>
  <item name="com.birbit.android.jobqueue.scheduling.FrameworkScheduler KEY_ID">
    <annotation name="android.support.annotation.VisibleForTesting" />
  </item>
  <item name="com.birbit.android.jobqueue.scheduling.FrameworkScheduler android.app.job.JobScheduler getJobScheduler()">
    <annotation name="android.support.annotation.VisibleForTesting" />
  </item>
  <item name="com.birbit.android.jobqueue.scheduling.FrameworkScheduler android.content.ComponentName getComponentName()">
    <annotation name="android.support.annotation.VisibleForTesting" />
  </item>
  <item name="com.birbit.android.jobqueue.scheduling.FrameworkScheduler android.os.PersistableBundle toPersistentBundle(com.birbit.android.jobqueue.scheduling.SchedulerConstraint)">
    <annotation name="android.support.annotation.VisibleForTesting" />
  </item>
  <item name="com.birbit.android.jobqueue.scheduling.FrameworkScheduler com.birbit.android.jobqueue.scheduling.SchedulerConstraint fromBundle(android.os.PersistableBundle)">
    <annotation name="android.support.annotation.VisibleForTesting" />
  </item>
  <item name="com.birbit.android.jobqueue.scheduling.FrameworkScheduler int createId()">
    <annotation name="android.support.annotation.VisibleForTesting" />
  </item>
  <item name="com.birbit.android.jobqueue.scheduling.GcmScheduler int toNetworkState(int) 0">
    <annotation name="android.support.annotation.IntDef">
      <val name="value" val="{com.birbit.android.jobqueue.network.NetworkUtil.DISCONNECTED, com.birbit.android.jobqueue.network.NetworkUtil.METERED, com.birbit.android.jobqueue.network.NetworkUtil.UNMETERED}" />
    </annotation>
  </item>
  <item name="com.birbit.android.jobqueue.scheduling.SchedulerConstraint int getNetworkStatus()">
    <annotation name="android.support.annotation.IntDef">
      <val name="value" val="{com.birbit.android.jobqueue.network.NetworkUtil.DISCONNECTED, com.birbit.android.jobqueue.network.NetworkUtil.METERED, com.birbit.android.jobqueue.network.NetworkUtil.UNMETERED}" />
    </annotation>
  </item>
</root>

