<?xml version="1.0" encoding="UTF-8"?>
<root>
  <item name="com.birbit.android.jobqueue.BatchingScheduler batchingDurationInMs">
    <annotation name="android.support.annotation.VisibleForTesting" />
  </item>
  <item name="com.birbit.android.jobqueue.BatchingScheduler batchingDurationInNs">
    <annotation name="android.support.annotation.VisibleForTesting" />
  </item>
  <item name="com.birbit.android.jobqueue.CallbackManager boolean waitUntilAllMessagesAreConsumed(int)">
    <annotation name="android.support.annotation.VisibleForTesting" />
  </item>
  <item name="com.birbit.android.jobqueue.CancelReason">
    <annotation name="android.support.annotation.IntDef">
      <val name="value" val="{com.birbit.android.jobqueue.CancelReason.REACHED_RETRY_LIMIT, com.birbit.android.jobqueue.CancelReason.CANCELLED_WHILE_RUNNING, com.birbit.android.jobqueue.CancelReason.SINGLE_INSTANCE_WHILE_RUNNING, com.birbit.android.jobqueue.CancelReason.CANCELLED_VIA_SHOULD_RE_RUN, com.birbit.android.jobqueue.CancelReason.SINGLE_INSTANCE_ID_QUEUED, com.birbit.android.jobqueue.CancelReason.REACHED_DEADLINE}" />
    </annotation>
  </item>
  <item name="com.birbit.android.jobqueue.Constraint maxNetworkType">
    <annotation name="android.support.annotation.IntDef">
      <val name="value" val="{com.birbit.android.jobqueue.network.NetworkUtil.DISCONNECTED, com.birbit.android.jobqueue.network.NetworkUtil.METERED, com.birbit.android.jobqueue.network.NetworkUtil.UNMETERED}" />
    </annotation>
  </item>
  <item name="com.birbit.android.jobqueue.Job requiredNetworkType">
    <annotation name="android.support.annotation.IntDef">
      <val name="value" val="{com.birbit.android.jobqueue.network.NetworkUtil.DISCONNECTED, com.birbit.android.jobqueue.network.NetworkUtil.METERED, com.birbit.android.jobqueue.network.NetworkUtil.UNMETERED}" />
    </annotation>
  </item>
  <item name="com.birbit.android.jobqueue.Job void onCancel(int, java.lang.Throwable) 0">
    <annotation name="android.support.annotation.IntDef">
      <val name="value" val="{com.birbit.android.jobqueue.CancelReason.REACHED_RETRY_LIMIT, com.birbit.android.jobqueue.CancelReason.CANCELLED_WHILE_RUNNING, com.birbit.android.jobqueue.CancelReason.SINGLE_INSTANCE_WHILE_RUNNING, com.birbit.android.jobqueue.CancelReason.CANCELLED_VIA_SHOULD_RE_RUN, com.birbit.android.jobqueue.CancelReason.SINGLE_INSTANCE_ID_QUEUED, com.birbit.android.jobqueue.CancelReason.REACHED_DEADLINE}" />
    </annotation>
  </item>
  <item name="com.birbit.android.jobqueue.JobHolder int getRequiredNetworkType()">
    <annotation name="android.support.annotation.IntDef">
      <val name="value" val="{com.birbit.android.jobqueue.network.NetworkUtil.DISCONNECTED, com.birbit.android.jobqueue.network.NetworkUtil.METERED, com.birbit.android.jobqueue.network.NetworkUtil.UNMETERED}" />
    </annotation>
  </item>
  <item name="com.birbit.android.jobqueue.JobHolder void onCancel(int) 0">
    <annotation name="android.support.annotation.IntDef">
      <val name="value" val="{com.birbit.android.jobqueue.CancelReason.REACHED_RETRY_LIMIT, com.birbit.android.jobqueue.CancelReason.CANCELLED_WHILE_RUNNING, com.birbit.android.jobqueue.CancelReason.SINGLE_INSTANCE_WHILE_RUNNING, com.birbit.android.jobqueue.CancelReason.CANCELLED_VIA_SHOULD_RE_RUN, com.birbit.android.jobqueue.CancelReason.SINGLE_INSTANCE_ID_QUEUED, com.birbit.android.jobqueue.CancelReason.REACHED_DEADLINE}" />
    </annotation>
  </item>
  <item name="com.birbit.android.jobqueue.JobHolder.Builder com.birbit.android.jobqueue.JobHolder.Builder requiredNetworkType(int) 0">
    <annotation name="android.support.annotation.IntDef">
      <val name="value" val="{com.birbit.android.jobqueue.network.NetworkUtil.DISCONNECTED, com.birbit.android.jobqueue.network.NetworkUtil.METERED, com.birbit.android.jobqueue.network.NetworkUtil.UNMETERED}" />
    </annotation>
  </item>
  <item name="com.birbit.android.jobqueue.JobHolder.Builder requiredNetworkType">
    <annotation name="android.support.annotation.IntDef">
      <val name="value" val="{com.birbit.android.jobqueue.network.NetworkUtil.DISCONNECTED, com.birbit.android.jobqueue.network.NetworkUtil.METERED, com.birbit.android.jobqueue.network.NetworkUtil.UNMETERED}" />
    </annotation>
  </item>
  <item name="com.birbit.android.jobqueue.JobManager java.lang.Thread getJobManagerExecutionThread()">
    <annotation name="android.support.annotation.VisibleForTesting" />
  </item>
  <item name="com.birbit.android.jobqueue.JobManagerThread int countReadyJobs(int) 0">
    <annotation name="android.support.annotation.IntDef">
      <val name="value" val="{com.birbit.android.jobqueue.network.NetworkUtil.DISCONNECTED, com.birbit.android.jobqueue.network.NetworkUtil.METERED, com.birbit.android.jobqueue.network.NetworkUtil.UNMETERED}" />
    </annotation>
  </item>
  <item name="com.birbit.android.jobqueue.JobManagerThread int getNetworkStatus()">
    <annotation name="android.support.annotation.IntDef">
      <val name="value" val="{com.birbit.android.jobqueue.network.NetworkUtil.DISCONNECTED, com.birbit.android.jobqueue.network.NetworkUtil.METERED, com.birbit.android.jobqueue.network.NetworkUtil.UNMETERED}" />
    </annotation>
  </item>
  <item name="com.birbit.android.jobqueue.JobManagerThread void cancelSafely(com.birbit.android.jobqueue.JobHolder, int) 1">
    <annotation name="android.support.annotation.IntDef">
      <val name="value" val="{com.birbit.android.jobqueue.CancelReason.REACHED_RETRY_LIMIT, com.birbit.android.jobqueue.CancelReason.CANCELLED_WHILE_RUNNING, com.birbit.android.jobqueue.CancelReason.SINGLE_INSTANCE_WHILE_RUNNING, com.birbit.android.jobqueue.CancelReason.CANCELLED_VIA_SHOULD_RE_RUN, com.birbit.android.jobqueue.CancelReason.SINGLE_INSTANCE_ID_QUEUED, com.birbit.android.jobqueue.CancelReason.REACHED_DEADLINE}" />
    </annotation>
  </item>
  <item name="com.birbit.android.jobqueue.JobManagerThread void onNetworkChange(int) 0">
    <annotation name="android.support.annotation.IntDef">
      <val name="value" val="{com.birbit.android.jobqueue.network.NetworkUtil.DISCONNECTED, com.birbit.android.jobqueue.network.NetworkUtil.METERED, com.birbit.android.jobqueue.network.NetworkUtil.UNMETERED}" />
    </annotation>
  </item>
  <item name="com.birbit.android.jobqueue.Params requiredNetworkType">
    <annotation name="android.support.annotation.IntDef">
      <val name="value" val="{com.birbit.android.jobqueue.network.NetworkUtil.DISCONNECTED, com.birbit.android.jobqueue.network.NetworkUtil.METERED, com.birbit.android.jobqueue.network.NetworkUtil.UNMETERED}" />
    </annotation>
  </item>
</root>

